{"cameraMode":{"drawMode":0,"name":"Shaded","section":"Shading Mode"},"sceneLighting":true,"audioPlay":false,"sceneViewState":{"m_AlwaysRefresh":false,"showFog":true,"showSkybox":true,"showFlares":true,"showImageEffects":true,"showParticleSystems":true,"showVisualEffectGraphs":true,"m_FxEnabled":true},"in2DMode":false,"pivot":{"x":0.061270713806152347,"y":-0.3421788215637207,"z":6.571832656860352},"rotation":{"x":0.21500828862190247,"y":0.6342891454696655,"z":-0.1899506151676178,"w":0.7178253531455994},"size":7.027158737182617,"orthographic":false}