{"cameraMode":{"drawMode":0,"name":"Shaded","section":"Shading Mode"},"sceneLighting":true,"audioPlay":false,"sceneViewState":{"m_AlwaysRefresh":false,"showFog":true,"showSkybox":true,"showFlares":true,"showImageEffects":true,"showParticleSystems":true,"showVisualEffectGraphs":true,"m_FxEnabled":true},"in2DMode":false,"pivot":{"x":-0.05086915194988251,"y":0.12548327445983888,"z":-17.94816017150879},"rotation":{"x":0.0015001088613644243,"y":0.011030951514840126,"z":0.000005071679424872855,"w":-0.9999367594718933},"size":0.8660253882408142,"orthographic":false}