{"cameraMode":{"drawMode":0,"name":"Shaded","section":"Shading Mode"},"sceneLighting":true,"audioPlay":false,"sceneViewState":{"m_AlwaysRefresh":false,"showFog":true,"showSkybox":true,"showFlares":true,"showImageEffects":true,"showParticleSystems":true,"showVisualEffectGraphs":true,"m_FxEnabled":true},"in2DMode":false,"pivot":{"x":0.2558812201023102,"y":-0.14181733131408692,"z":0.15038776397705079},"rotation":{"x":-0.13418854773044587,"y":-0.6299378275871277,"z":0.1117047592997551,"w":-0.756752610206604},"size":0.8660253882408142,"orthographic":false}