{"cameraMode":{"drawMode":0,"name":"Shaded","section":"Shading Mode"},"sceneLighting":false,"audioPlay":false,"sceneViewState":{"m_AlwaysRefresh":false,"showFog":true,"showSkybox":false,"showFlares":true,"showImageEffects":true,"showParticleSystems":true,"showVisualEffectGraphs":true,"m_FxEnabled":true},"in2DMode":false,"pivot":{"x":-0.19063830375671388,"y":0.5200833082199097,"z":0.5369007587432861},"rotation":{"x":0.14815731346607209,"y":-0.8029987215995789,"z":0.22352764010429383,"w":0.5321961045265198},"size":1.782293677330017,"orthographic":false}